{
"lengthUnit": "mil",
"components": {
	"fields": ["COMPONENT_NO", "COMPONENT_NAME", "LAYER", "X_COORDINATE", "Y_COORDINATE", "ANGLE"],
	"rows": [
		[1, "ANT1", "T", 852.5, 3720, 0],
		[2, "AUDIO1", "T", 255, 835, 270],
		[3, "BT1", "T", 2415, 480, 180],
		[4, "C1", "T", 600, 970, 180],
		[5, "C2", "T", 600, 1045, 180],
		[6, "C3", "T", 2045, 3345, 270],
		[7, "C4", "T", 1975, 3345, 270],
		[8, "C5", "T", 840, 2557.5, 180],
		[9, "C6", "T", 1490, 3497.5, 90],
		[10, "C7", "T", 2130, 1040, 180],
		[11, "C8", "T", 2305, 1037.5, 180],
		[12, "C9", "T", 892.02, 1464.87, 270],
		[13, "C10", "T", 1522.5, 1470, 270],
		[14, "C11", "T", 1455, 1470, 270],
		[15, "C12", "T", 1387.5, 1470, 270],
		[16, "C13", "T", 1319.52, 1469.87, 270],
		[17, "C14", "T", 824.52, 1587.37, 270],
		[18, "C15", "T", 1317.5, 1302.5, 90],
		[19, "C16", "T", 860, 1187.5, 0],
		[20, "C17", "T", 2335, 1710, 90],
		[21, "C18", "T", 1790, 1890, 90],
		[22, "C19", "T", 3090, 1125, 0],
		[23, "C20", "T", 3090, 1192.5, 0],
		[24, "C21", "T", 2850, 1212.5, 90],
		[25, "C22", "T", 2782.5, 1212.5, 90],
		[26, "C23", "T", 2850, 1335, 270],
		[27, "C24", "T", 2782.5, 1335, 270],
		[28, "C25", "T", 1882.5, 3430, 180],
		[29, "C26", "T", 2082.5, 3470, 90],
		[30, "C27", "T", 1787.5, 3460, 90],
		[31, "C28", "T", 3595, 2160, 270],
		[32, "C29", "T", 3595, 1875, 270],
		[33, "C30", "T", 1250, 3150, 90],
		[34, "C31", "T", 1665, 3165, 90],
		[35, "C32", "T", 1595, 3165, 90],
		[36, "C33", "T", 3167.5, 1327.5, 90],
		[37, "C34", "T", 3235, 1327.5, 90],
		[38, "C36", "T", 470, 2560, 0],
		[39, "C37", "T", 470, 2492.5, 0],
		[40, "C39", "T", 762.5, 2490, 0],
		[41, "C40", "T", 460, 3330, 0],
		[42, "C41", "T", 600, 2425, 180],
		[43, "C42", "T", 600, 2495, 180],
		[44, "C46", "T", 1320, 3150, 90],
		[45, "C47", "T", 1132.56, 1622.44, 90],
		[46, "CN1", "T", 3964.55, 2845, 270],
		[47, "CN2", "T", 4192.01, 1565, 270],
		[48, "CN3", "T", 545, 2115, 90],
		[49, "CN4", "T", 4192.01, 2255, 270],
		[50, "CN5", "T", 4192.01, 1910, 270],
		[51, "CN6", "T", 4200, 1200, 90],
		[52, "CN7", "T", 4205, 3415, 90],
		[53, "D1", "T", 367.5, 1147.5, 180],
		[54, "D2", "T", 415, 1422.5, 315],
		[55, "D3", "T", 480, 1355, 135],
		[56, "H1", "T", 2705, 3165, 180],
		[57, "H2", "T", 2408.89, 2365, 180],
		[58, "H3", "T", 745, 3455, 180],
		[59, "H4", "T", 4225, 905, 0],
		[60, "H5", "T", 2990, 1955, 270],
		[61, "L1", "T", 3180, 1417.5, 0],
		[62, "L2", "T", 3298.23, 1360.53, 90],
		[63, "L3", "T", 1670, 1080, 180],
		[64, "LED1", "T", 140, 1750, 0],
		[65, "Q1", "T", 705, 1370, 180],
		[66, "Q2", "T", 705, 1200, 180],
		[67, "Q3", "T", 1705, 1475, 270],
		[68, "Q4", "T", 1315, 1620, 180],
		[69, "Q5", "T", 1105, 1145, 180],
		[70, "R1", "T", 602.5, 902.5, 180],
		[71, "R2", "T", 2107.5, 3572.5, 0],
		[72, "R4", "T", 340, 1267.5, 270],
		[73, "R5", "T", 340, 1470, 270],
		[74, "R6", "T", 247.5, 1572.5, 180],
		[75, "R7", "T", 810, 1340, 270],
		[76, "R8", "T", 1120, 3315, 270],
		[77, "R9", "T", 1210, 3280, 270],
		[78, "R10", "T", 890, 1290, 270],
		[79, "R11", "T", 827.02, 1467.37, 270],
		[80, "R12", "T", 1385, 1302.5, 270],
		[81, "R13", "T", 860, 1120, 0],
		[82, "R15", "T", 860, 1057.5, 180],
		[83, "R16", "T", 860, 995, 0],
		[84, "R19", "T", 3670, 3800, 0],
		[85, "R20", "T", 3838.58, 3799.21, 180],
		[86, "R21", "T", 580, 3330, 180],
		[87, "R29", "T", 1590, 1470, 270],
		[88, "R31", "T", 1225, 1145, 270],
		[89, "R32", "T", 1065, 1620, 90],
		[90, "R33", "T", 1200, 1620, 90],
		[91, "R35", "T", 3085, 1815, 90],
		[92, "R36", "T", 3085, 2105, 90],
		[93, "R37", "T", 750, 2365, 180],
		[94, "R38", "T", 720, 2425, 180],
		[95, "R39", "T", 960, 2425, 180],
		[96, "R40", "T", 840, 2425, 0],
		[97, "SW1", "T", 2365, 3500, 180],
		[98, "SW2", "T", 2365, 3745, 180],
		[99, "U1", "T", 700, 2942.5, 90],
		[100, "U2", "T", 3002.5, 1342.5, 0],
		[101, "U3", "T", 1952.15, 3555.58, 180],
		[102, "U4", "T", 3340, 2057.5, 270],
		[103, "U5", "T", 3340, 1770, 270],
		[104, "U6", "T", 145, 1330, 270],
		[105, "U7", "T", 2675, 1272.5, 270],
		[106, "U8", "T", 2221.14, 1247.5, 180],
		[107, "U9", "T", 1105, 1347.5, 270],
		[108, "U16", "T", 1460, 3120, 0],
		[109, "X1", "T", 1640, 3490, 0]
	]
},
"pins": {
	"fields": ["PIN_NO", "PIN_NAME", "PIN_X", "PIN_Y", "LAYER", "PIN_TYPE", "NET_NAME", "NET_TYPE", "PAD_SHAPE", "PAD_SIZEX", "PAD_SIZEY", "HOLE_SIZE", "PAD_ANGLE"],
	"rows": [
		[1, "ANT1_1", 1980.45, 3806.61, "T", "SMD", "$1N1602", "", "P", 27.56, 173.23, 0, 0],
		[2, "AUDIO1_1", 101.46, 990.5, "T", "SMD", "GND", "GND", "R", 59.05, 102.36, 0, 0],
		[3, "AUDIO1_2", 101.46, 679.5, "T", "SMD", "HP_SENSE", "", "R", 59.05, 102.36, 0, 0],
		[4, "AUDIO1_3", 314.06, 679.5, "T", "SMD", "GND", "GND", "R", 59.05, 102.36, 0, 0],
		[5, "AUDIO1_4", 239.25, 990.5, "T", "SMD", "$5N17464", "", "R", 59.05, 102.36, 0, 0],
		[6, "AUDIO1_5", 408.54, 990.5, "T", "SMD", "$5N17464", "", "R", 59.05, 102.36, 0, 0],
		[7, "BT1_1", 3792.95, 480, "T", "DIP", "GND", "GND", "O", 70.87, 259.84, 220.47, 180],
		[8, "BT1_1", 3792.95, 480, "B", "DIP", "GND", "GND", "O", 70.87, 259.84, 220.47, 180],
		[9, "BT1_2", 1037.05, 480, "T", "DIP", "VBATT", "", "O", 70.87, 259.84, 220.47, 180],
		[10, "BT1_2", 1037.05, 480, "B", "DIP", "VBATT", "", "O", 70.87, 259.84, 220.47, 180],
		[11, "C1_1", 627.56, 970, "T", "SMD", "HPOUT", "", "R", 31.5, 35.43, 0, 180],
		[12, "C1_2", 572.44, 970, "T", "SMD", "$5N17464", "", "R", 31.5, 35.43, 0, 180],
		[13, "C2_1", 627.56, 1045, "T", "SMD", "HPOUT", "", "R", 31.5, 35.43, 0, 180],
		[14, "C2_2", 572.44, 1045, "T", "SMD", "$5N17464", "", "R", 31.5, 35.43, 0, 180],
		[15, "C3_1", 2045, 3372.56, "T", "SMD", "FM_LOUT", "", "R", 31.5, 35.43, 0, 270],
		[16, "C3_2", 2045, 3317.44, "T", "SMD", "AINL", "", "R", 31.5, 35.43, 0, 270],
		[17, "C4_1", 1975, 3372.56, "T", "SMD", "FM_ROUT", "", "R", 31.5, 35.43, 0, 270],
		[18, "C4_2", 1975, 3317.44, "T", "SMD", "AINR", "", "R", 31.5, 35.43, 0, 270],
		[19, "C5_1", 867.56, 2557.5, "T", "SMD", "VBATT_SENSE", "", "R", 31.5, 35.43, 0, 180],
		[20, "C5_2", 812.44, 2557.5, "T", "SMD", "GND", "GND", "R", 31.5, 35.43, 0, 180],
		[21, "C6_1", 1490, 3469.94, "T", "SMD", "GND", "GND", "R", 31.5, 35.43, 0, 90],
		[22, "C6_2", 1490, 3525.06, "T", "SMD", "3.3V", "", "R", 31.5, 35.43, 0, 90],
		[23, "C7_1", 2157.56, 1040, "T", "SMD", "GND", "GND", "R", 31.5, 35.43, 0, 180],
		[24, "C7_2", 2102.44, 1040, "T", "SMD", "5V", "", "R", 31.5, 35.43, 0, 180],
		[25, "C8_1", 2371.39, 1037.5, "T", "SMD", "3.3V", "", "R", 69.19, 51.02, 0, 0],
		[26, "C8_2", 2238.61, 1037.5, "T", "SMD", "GND", "GND", "R", 69.19, 51.02, 0, 0],
		[27, "C9_1", 892.02, 1492.43, "T", "SMD", "GND", "GND", "R", 31.5, 35.43, 0, 270],
		[28, "C9_2", 892.02, 1437.31, "T", "SMD", "VUSB", "", "R", 31.5, 35.43, 0, 270],
		[29, "C10_1", 1522.5, 1497.56, "T", "SMD", "GND", "GND", "R", 31.5, 35.43, 0, 270],
		[30, "C10_2", 1522.5, 1442.44, "T", "SMD", "VBOOST", "", "R", 31.5, 35.43, 0, 270],
		[31, "C11_1", 1455, 1497.56, "T", "SMD", "GND", "GND", "R", 31.5, 35.43, 0, 270],
		[32, "C11_2", 1455, 1442.44, "T", "SMD", "VBOOST", "", "R", 31.5, 35.43, 0, 270],
		[33, "C12_1", 1387.5, 1497.56, "T", "SMD", "GND", "GND", "R", 31.5, 35.43, 0, 270],
		[34, "C12_2", 1387.5, 1442.44, "T", "SMD", "VBOOST", "", "R", 31.5, 35.43, 0, 270],
		[35, "C13_1", 1319.52, 1497.43, "T", "SMD", "GND", "GND", "R", 31.5, 35.43, 0, 270],
		[36, "C13_2", 1319.52, 1442.31, "T", "SMD", "VBOOST", "", "R", 31.5, 35.43, 0, 270],
		[37, "C14_1", 824.52, 1614.93, "T", "SMD", "GND", "GND", "R", 31.5, 35.43, 0, 270],
		[38, "C14_2", 824.52, 1559.81, "T", "SMD", "$2N1159", "", "R", 31.5, 35.43, 0, 270],
		[39, "C15_1", 1317.5, 1274.94, "T", "SMD", "GND", "GND", "R", 31.5, 35.43, 0, 90],
		[40, "C15_2", 1317.5, 1330.06, "T", "SMD", "$2N1157", "", "R", 31.5, 35.43, 0, 90],
		[41, "C16_1", 832.44, 1187.5, "T", "SMD", "GND", "GND", "R", 31.5, 35.43, 0, 0],
		[42, "C16_2", 887.56, 1187.5, "T", "SMD", "VBATT", "", "R", 31.5, 35.43, 0, 0],
		[43, "C17_1", 2335, 1611.58, "T", "DIP", "3.3V", "", "C", 82.68, 82.68, 47.24, 90],
		[44, "C17_1", 2335, 1611.58, "B", "DIP", "3.3V", "", "C", 82.68, 82.68, 47.24, 90],
		[45, "C17_2", 2335, 1808.42, "T", "DIP", "GND", "GND", "C", 82.68, 82.68, 47.24, 90],
		[46, "C17_2", 2335, 1808.42, "B", "DIP", "GND", "GND", "C", 82.68, 82.68, 47.24, 90],
		[47, "C18_1", 1790, 1791.58, "T", "DIP", "5V", "", "C", 62.99, 62.99, 39.37, 90],
		[48, "C18_1", 1790, 1791.58, "B", "DIP", "5V", "", "C", 62.99, 62.99, 39.37, 90],
		[49, "C18_2", 1790, 1988.42, "T", "DIP", "GND", "GND", "C", 62.99, 62.99, 39.37, 90],
		[50, "C18_2", 1790, 1988.42, "B", "DIP", "GND", "GND", "C", 62.99, 62.99, 39.37, 90],
		[51, "C19_1", 3062.44, 1125, "T", "SMD", "GND", "GND", "R", 31.5, 35.43, 0, 0],
		[52, "C19_2", 3117.56, 1125, "T", "SMD", "1.8V", "", "R", 31.5, 35.43, 0, 0],
		[53, "C20_1", 3062.44, 1192.5, "T", "SMD", "GND", "GND", "R", 31.5, 35.43, 0, 0],
		[54, "C20_2", 3117.56, 1192.5, "T", "SMD", "1.8V", "", "R", 31.5, 35.43, 0, 0],
		[55, "C21_1", 2850, 1184.94, "T", "SMD", "GND", "GND", "R", 31.5, 35.43, 0, 90],
		[56, "C21_2", 2850, 1240.06, "T", "SMD", "1.8V", "", "R", 31.5, 35.43, 0, 90],
		[57, "C22_1", 2782.5, 1184.94, "T", "SMD", "GND", "GND", "R", 31.5, 35.43, 0, 90],
		[58, "C22_2", 2782.5, 1240.06, "T", "SMD", "1.8V", "", "R", 31.5, 35.43, 0, 90],
		[59, "C23_1", 2850, 1362.56, "T", "SMD", "GND", "GND", "R", 31.5, 35.43, 0, 270],
		[60, "C23_2", 2850, 1307.44, "T", "SMD", "3.3V", "", "R", 31.5, 35.43, 0, 270],
		[61, "C24_1", 2782.5, 1362.56, "T", "SMD", "GND", "GND", "R", 31.5, 35.43, 0, 270],
		[62, "C24_2", 2782.5, 1307.44, "T", "SMD", "3.3V", "", "R", 31.5, 35.43, 0, 270],
		[63, "C25_1", 1910.06, 3430, "T", "SMD", "GND", "GND", "R", 31.5, 35.43, 0, 180],
		[64, "C25_2", 1854.94, 3430, "T", "SMD", "3.3V", "", "R", 31.5, 35.43, 0, 180],
		[65, "C26_1", 2082.5, 3442.44, "T", "SMD", "GND", "GND", "R", 31.5, 35.43, 0, 90],
		[66, "C26_2", 2082.5, 3497.56, "T", "SMD", "3.3V", "", "R", 31.5, 35.43, 0, 90],
		[67, "C27_1", 1787.5, 3432.44, "T", "SMD", "GND", "GND", "R", 31.5, 35.43, 0, 90],
		[68, "C27_2", 1787.5, 3487.56, "T", "SMD", "3.3V", "", "R", 31.5, 35.43, 0, 90],
		[69, "C28_1", 3595, 2187.56, "T", "SMD", "GND", "GND", "R", 31.5, 35.43, 0, 270],
		[70, "C28_2", 3595, 2132.44, "T", "SMD", "3.3V", "", "R", 31.5, 35.43, 0, 270],
		[71, "C29_1", 3595, 1902.56, "T", "SMD", "GND", "GND", "R", 31.5, 35.43, 0, 270],
		[72, "C29_2", 3595, 1847.44, "T", "SMD", "3.3V", "", "R", 31.5, 35.43, 0, 270],
		[73, "C30_1", 1250, 3122.44, "T", "SMD", "GND", "GND", "R", 31.5, 35.43, 0, 90],
		[74, "C30_2", 1250, 3177.56, "T", "SMD", "3.3V", "", "R", 31.5, 35.43, 0, 90],
		[75, "C31_1", 1665, 3137.44, "T", "SMD", "GND", "GND", "R", 31.5, 35.43, 0, 90],
		[76, "C31_2", 1665, 3192.56, "T", "SMD", "3.3V", "", "R", 31.5, 35.43, 0, 90],
		[77, "C32_1", 1595, 3137.44, "T", "SMD", "GND", "GND", "R", 31.5, 35.43, 0, 90],
		[78, "C32_2", 1595, 3192.56, "T", "SMD", "3.3V", "", "R", 31.5, 35.43, 0, 90],
		[79, "C33_1", 3167.5, 1299.94, "T", "SMD", "GND", "GND", "R", 31.5, 35.43, 0, 90],
		[80, "C33_2", 3167.5, 1355.06, "T", "SMD", "5V", "", "R", 31.5, 35.43, 0, 90],
		[81, "C34_1", 3235, 1299.94, "T", "SMD", "GND", "GND", "R", 31.5, 35.43, 0, 90],
		[82, "C34_2", 3235, 1355.06, "T", "SMD", "5V", "", "R", 31.5, 35.43, 0, 90],
		[83, "C36_1", 442.44, 2560, "T", "SMD", "GND", "GND", "R", 31.5, 35.43, 0, 0],
		[84, "C36_2", 497.56, 2560, "T", "SMD", "3.3V", "", "R", 31.5, 35.43, 0, 0],
		[85, "C37_1", 442.44, 2492.5, "T", "SMD", "GND", "GND", "R", 31.5, 35.43, 0, 0],
		[86, "C37_2", 497.56, 2492.5, "T", "SMD", "3.3V", "", "R", 31.5, 35.43, 0, 0],
		[87, "C39_1", 734.94, 2490, "T", "SMD", "LIGHT_SENSE", "", "R", 31.5, 35.43, 0, 0],
		[88, "C39_2", 790.06, 2490, "T", "SMD", "GND", "GND", "R", 31.5, 35.43, 0, 0],
		[89, "C40_1", 432.44, 3330, "T", "SMD", "GND", "GND", "R", 31.5, 35.43, 0, 0],
		[90, "C40_2", 487.56, 3330, "T", "SMD", "EN", "", "R", 31.5, 35.43, 0, 0],
		[91, "C41_1", 627.56, 2425, "T", "SMD", "VOL_SENSE", "", "R", 31.5, 35.43, 0, 180],
		[92, "C41_2", 572.44, 2425, "T", "SMD", "GND", "GND", "R", 31.5, 35.43, 0, 180],
		[93, "C42_1", 627.56, 2495, "T", "SMD", "FREQ_SENSE", "", "R", 31.5, 35.43, 0, 180],
		[94, "C42_2", 572.44, 2495, "T", "SMD", "GND", "GND", "R", 31.5, 35.43, 0, 180],
		[95, "C46_1", 1320, 3122.44, "T", "SMD", "GND", "GND", "R", 31.5, 35.43, 0, 90],
		[96, "C46_2", 1320, 3177.56, "T", "SMD", "ACCEL_BYP", "", "R", 31.5, 35.43, 0, 90],
		[97, "C47_1", 1132.56, 1594.88, "T", "SMD", "$2N13120", "", "R", 31.5, 35.43, 0, 90],
		[98, "C47_2", 1132.56, 1650, "T", "SMD", "POWER_SWITCH", "", "R", 31.5, 35.43, 0, 90],
		[99, "CN1_1", 3964.55, 2549.73, "T", "DIP", "5V", "", "C", 62.99, 62.99, 39.37, 0],
		[100, "CN1_1", 3964.55, 2549.73, "B", "DIP", "5V", "", "C", 62.99, 62.99, 39.37, 0],
		[101, "CN1_2", 3964.55, 2648.16, "T", "DIP", "VBATT", "", "C", 62.99, 62.99, 39.37, 0],
		[102, "CN1_2", 3964.55, 2648.16, "B", "DIP", "VBATT", "", "C", 62.99, 62.99, 39.37, 0],
		[103, "CN1_3", 3964.55, 2746.58, "T", "DIP", "VOL_RAW", "", "C", 62.99, 62.99, 39.37, 0],
		[104, "CN1_3", 3964.55, 2746.58, "B", "DIP", "VOL_RAW", "", "C", 62.99, 62.99, 39.37, 0],
		[105, "CN1_4", 3964.55, 2845.01, "T", "DIP", "FREQ_RAW", "", "C", 62.99, 62.99, 39.37, 0],
		[106, "CN1_4", 3964.55, 2845.01, "B", "DIP", "FREQ_RAW", "", "C", 62.99, 62.99, 39.37, 0],
		[107, "CN1_5", 3964.55, 2943.43, "T", "DIP", "LED2_IN", "", "C", 62.99, 62.99, 39.37, 0],
		[108, "CN1_5", 3964.55, 2943.43, "B", "DIP", "LED2_IN", "", "C", 62.99, 62.99, 39.37, 0],
		[109, "CN1_6", 3964.55, 3041.86, "T", "DIP", "POWER_SWITCH", "", "C", 62.99, 62.99, 39.37, 0],
		[110, "CN1_6", 3964.55, 3041.86, "B", "DIP", "POWER_SWITCH", "", "C", 62.99, 62.99, 39.37, 0],
		[111, "CN1_7", 3964.55, 3140.28, "T", "DIP", "GND", "GND", "C", 62.99, 62.99, 39.37, 0],
		[112, "CN1_7", 3964.55, 3140.28, "B", "DIP", "GND", "GND", "C", 62.99, 62.99, 39.37, 0],
		[113, "CN2_1", 4192.01, 1515, "T", "DIP", "SPK-", "", "C", 66.93, 66.93, 39.37, 90],
		[114, "CN2_1", 4192.01, 1515, "B", "DIP", "SPK-", "", "C", 66.93, 66.93, 39.37, 90],
		[115, "CN2_2", 4192.01, 1615, "T", "DIP", "SPK+", "", "C", 66.93, 66.93, 39.37, 90],
		[116, "CN2_2", 4192.01, 1615, "B", "DIP", "SPK+", "", "C", 66.93, 66.93, 39.37, 90],
		[117, "CN3_1", 545, 2165, "T", "DIP", "TOGGLE1", "", "C", 66.93, 66.93, 39.37, 270],
		[118, "CN3_1", 545, 2165, "B", "DIP", "TOGGLE1", "", "C", 66.93, 66.93, 39.37, 270],
		[119, "CN3_2", 545, 2065, "T", "DIP", "GND", "GND", "C", 66.93, 66.93, 39.37, 270],
		[120, "CN3_2", 545, 2065, "B", "DIP", "GND", "GND", "C", 66.93, 66.93, 39.37, 270],
		[121, "CN4_1", 4192.01, 2205, "T", "DIP", "BUTTON1", "", "C", 66.93, 66.93, 39.37, 90],
		[122, "CN4_1", 4192.01, 2205, "B", "DIP", "BUTTON1", "", "C", 66.93, 66.93, 39.37, 90],
		[123, "CN4_2", 4192.01, 2305, "T", "DIP", "GND", "GND", "C", 66.93, 66.93, 39.37, 90],
		[124, "CN4_2", 4192.01, 2305, "B", "DIP", "GND", "GND", "C", 66.93, 66.93, 39.37, 90],
		[125, "CN5_1", 4192.01, 1860, "T", "DIP", "BUTTON2", "", "C", 66.93, 66.93, 39.37, 90],
		[126, "CN5_1", 4192.01, 1860, "B", "DIP", "BUTTON2", "", "C", 66.93, 66.93, 39.37, 90],
		[127, "CN5_2", 4192.01, 1960, "T", "DIP", "GND", "GND", "C", 66.93, 66.93, 39.37, 90],
		[128, "CN5_2", 4192.01, 1960, "B", "DIP", "GND", "GND", "C", 66.93, 66.93, 39.37, 90],
		[129, "CN6_1", 4129.14, 1140.94, "T", "SMD", "GND", "GND", "R", 31.5, 62.99, 0, 90],
		[130, "CN6_2", 4129.14, 1180.31, "T", "SMD", "3.3V", "", "R", 31.5, 62.99, 0, 90],
		[131, "CN6_3", 4129.14, 1219.68, "T", "SMD", "SDA", "", "R", 31.5, 62.99, 0, 90],
		[132, "CN6_4", 4129.14, 1259.05, "T", "SMD", "SCL", "", "R", 31.5, 62.99, 0, 90],
		[133, "CN6_5", 4270.86, 1304.33, "T", "SMD", "GND", "GND", "R", 39.37, 90.55, 0, 90],
		[134, "CN6_6", 4270.86, 1095.67, "T", "SMD", "GND", "GND", "R", 39.37, 90.55, 0, 90],
		[135, "CN7_1", 4134.14, 3355.94, "T", "SMD", "GND", "GND", "R", 31.5, 62.99, 0, 90],
		[136, "CN7_2", 4134.14, 3395.31, "T", "SMD", "3.3V", "", "R", 31.5, 62.99, 0, 90],
		[137, "CN7_3", 4134.14, 3434.68, "T", "SMD", "SDA", "", "R", 31.5, 62.99, 0, 90],
		[138, "CN7_4", 4134.14, 3474.05, "T", "SMD", "SCL", "", "R", 31.5, 62.99, 0, 90],
		[139, "CN7_5", 4275.86, 3519.33, "T", "SMD", "GND", "GND", "R", 39.37, 90.55, 0, 90],
		[140, "CN7_6", 4275.86, 3310.67, "T", "SMD", "GND", "GND", "R", 39.37, 90.55, 0, 90],
		[141, "D1_1", 397.02, 1147.5, "T", "SMD", "GND", "GND", "R", 23.62, 15.75, 0, 180],
		[142, "D1_2", 337.98, 1147.5, "T", "SMD", "VUSB", "", "R", 23.62, 15.75, 0, 0],
		[143, "D2_1", 394.12, 1443.38, "T", "SMD", "GND", "GND", "R", 23.62, 15.75, 0, 315],
		[144, "D2_2", 435.88, 1401.62, "T", "SMD", "USB_D-", "", "R", 23.62, 15.75, 0, 135],
		[145, "D3_1", 500.88, 1334.12, "T", "SMD", "GND", "GND", "R", 23.62, 15.75, 0, 135],
		[146, "D3_2", 459.12, 1375.88, "T", "SMD", "USB_D+", "", "R", 23.62, 15.75, 0, 315],
		[147, "H1_1", 3455, 3165, "T", "DIP", "EN", "", "R", 62.99, 62.99, 39.37, 180],
		[148, "H1_1", 3455, 3165, "B", "DIP", "EN", "", "R", 62.99, 62.99, 39.37, 180],
		[149, "H1_2", 3355, 3165, "T", "DIP", "3.3V", "", "C", 62.99, 62.99, 39.37, 180],
		[150, "H1_2", 3355, 3165, "B", "DIP", "3.3V", "", "C", 62.99, 62.99, 39.37, 180],
		[151, "H1_3", 3255, 3165, "T", "DIP", "3.3V", "", "C", 62.99, 62.99, 39.37, 180],
		[152, "H1_3", 3255, 3165, "B", "DIP", "3.3V", "", "C", 62.99, 62.99, 39.37, 180],
		[153, "H1_4", 3155, 3165, "T", "DIP", "GND", "GND", "C", 62.99, 62.99, 39.37, 180],
		[154, "H1_4", 3155, 3165, "B", "DIP", "GND", "GND", "C", 62.99, 62.99, 39.37, 180],
		[155, "H1_5", 3055, 3165, "T", "DIP", "FEATHER_A0", "", "C", 62.99, 62.99, 39.37, 180],
		[156, "H1_5", 3055, 3165, "B", "DIP", "FEATHER_A0", "", "C", 62.99, 62.99, 39.37, 180],
		[157, "H1_6", 2955, 3165, "T", "DIP", "FEATHER_A1", "", "C", 62.99, 62.99, 39.37, 180],
		[158, "H1_6", 2955, 3165, "B", "DIP", "FEATHER_A1", "", "C", 62.99, 62.99, 39.37, 180],
		[159, "H1_7", 2855, 3165, "T", "DIP", "FEATHER_A2", "", "C", 62.99, 62.99, 39.37, 180],
		[160, "H1_7", 2855, 3165, "B", "DIP", "FEATHER_A2", "", "C", 62.99, 62.99, 39.37, 180],
		[161, "H1_8", 2755, 3165, "T", "DIP", "I2S_DIN", "", "C", 62.99, 62.99, 39.37, 180],
		[162, "H1_8", 2755, 3165, "B", "DIP", "I2S_DIN", "", "C", 62.99, 62.99, 39.37, 180],
		[163, "H1_9", 2655, 3165, "T", "DIP", "I2S_WCLK", "", "C", 62.99, 62.99, 39.37, 180],
		[164, "H1_9", 2655, 3165, "B", "DIP", "I2S_WCLK", "", "C", 62.99, 62.99, 39.37, 180],
		[165, "H1_10", 2555, 3165, "T", "DIP", "I2S_BCLK", "", "C", 62.99, 62.99, 39.37, 180],
		[166, "H1_10", 2555, 3165, "B", "DIP", "I2S_BCLK", "", "C", 62.99, 62.99, 39.37, 180],
		[167, "H1_11", 2455, 3165, "T", "DIP", "SPI_CLK", "", "C", 62.99, 62.99, 39.37, 180],
		[168, "H1_11", 2455, 3165, "B", "DIP", "SPI_CLK", "", "C", 62.99, 62.99, 39.37, 180],
		[169, "H1_12", 2355, 3165, "T", "DIP", "SPI_MOSI", "", "C", 62.99, 62.99, 39.37, 180],
		[170, "H1_12", 2355, 3165, "B", "DIP", "SPI_MOSI", "", "C", 62.99, 62.99, 39.37, 180],
		[171, "H1_13", 2255, 3165, "T", "DIP", "SPI_MISO", "", "C", 62.99, 62.99, 39.37, 180],
		[172, "H1_13", 2255, 3165, "B", "DIP", "SPI_MISO", "", "C", 62.99, 62.99, 39.37, 180],
		[173, "H1_14", 2155, 3165, "T", "DIP", "U0RX", "", "C", 62.99, 62.99, 39.37, 180],
		[174, "H1_14", 2155, 3165, "B", "DIP", "U0RX", "", "C", 62.99, 62.99, 39.37, 180],
		[175, "H1_15", 2055, 3165, "T", "DIP", "U0TX", "", "C", 62.99, 62.99, 39.37, 180],
		[176, "H1_15", 2055, 3165, "B", "DIP", "U0TX", "", "C", 62.99, 62.99, 39.37, 180],
		[177, "H1_16", 1955, 3165, "T", "DIP", "U0TX", "", "C", 62.99, 62.99, 39.37, 180],
		[178, "H1_16", 1955, 3165, "B", "DIP", "U0TX", "", "C", 62.99, 62.99, 39.37, 180],
		[179, "H2_1", 2858.89, 2365, "T", "DIP", "H2_1", "", "R", 62, 66.93, 43.31, 180],
		[180, "H2_1", 2858.89, 2365, "B", "DIP", "H2_1", "", "R", 62, 66.93, 43.31, 180],
		[181, "H2_2", 2758.89, 2365, "T", "DIP", "H2_2", "", "C", 66.93, 66.93, 43.31, 180],
		[182, "H2_2", 2758.89, 2365, "B", "DIP", "H2_2", "", "C", 66.93, 66.93, 43.31, 180],
		[183, "H2_3", 2658.89, 2365, "T", "DIP", "5V", "", "C", 66.93, 66.93, 43.31, 180],
		[184, "H2_3", 2658.89, 2365, "B", "DIP", "5V", "", "C", 66.93, 66.93, 43.31, 180],
		[185, "H2_4", 2558.89, 2365, "T", "DIP", "H2_4", "", "C", 66.93, 66.93, 43.31, 180],
		[186, "H2_4", 2558.89, 2365, "B", "DIP", "H2_4", "", "C", 66.93, 66.93, 43.31, 180],
		[187, "H2_5", 2458.89, 2365, "T", "DIP", "FEATHER_D10", "", "C", 66.93, 66.93, 43.31, 180],
		[188, "H2_5", 2458.89, 2365, "B", "DIP", "FEATHER_D10", "", "C", 66.93, 66.93, 43.31, 180],
		[189, "H2_6", 2358.89, 2365, "T", "DIP", "FEATHER_D9", "", "C", 66.93, 66.93, 43.31, 180],
		[190, "H2_6", 2358.89, 2365, "B", "DIP", "FEATHER_D9", "", "C", 66.93, 66.93, 43.31, 180],
		[191, "H2_7", 2258.89, 2365, "T", "DIP", "FEATHER_D6", "", "C", 66.93, 66.93, 43.31, 180],
		[192, "H2_7", 2258.89, 2365, "B", "DIP", "FEATHER_D6", "", "C", 66.93, 66.93, 43.31, 180],
		[193, "H2_8", 2158.89, 2365, "T", "DIP", "FEATHER_D5", "", "C", 66.93, 66.93, 43.31, 180],
		[194, "H2_8", 2158.89, 2365, "B", "DIP", "FEATHER_D5", "", "C", 66.93, 66.93, 43.31, 180],
		[195, "H2_9", 2058.89, 2365, "T", "DIP", "SCL", "", "C", 66.93, 66.93, 43.31, 180],
		[196, "H2_9", 2058.89, 2365, "B", "DIP", "SCL", "", "C", 66.93, 66.93, 43.31, 180],
		[197, "H2_10", 1958.89, 2365, "T", "DIP", "SDA", "", "C", 66.93, 66.93, 43.31, 180],
		[198, "H2_10", 1958.89, 2365, "B", "DIP", "SDA", "", "C", 66.93, 66.93, 43.31, 180],
		[199, "H3_1", 995, 3455, "T", "DIP", "H3_1", "", "R", 70.87, 70.87, 47.24, 180],
		[200, "H3_1", 995, 3455, "B", "DIP", "H3_1", "", "R", 70.87, 70.87, 47.24, 180],
		[201, "H3_2", 895, 3455, "T", "DIP", "U0TX", "", "C", 70.87, 70.87, 47.24, 180],
		[202, "H3_2", 895, 3455, "B", "DIP", "U0TX", "", "C", 70.87, 70.87, 47.24, 180],
		[203, "H3_3", 795, 3455, "T", "DIP", "U0RX", "", "C", 70.87, 70.87, 47.24, 180],
		[204, "H3_3", 795, 3455, "B", "DIP", "U0RX", "", "C", 70.87, 70.87, 47.24, 180],
		[205, "H3_4", 695, 3455, "T", "DIP", "H3_4", "", "C", 70.87, 70.87, 47.24, 180],
		[206, "H3_4", 695, 3455, "B", "DIP", "H3_4", "", "C", 70.87, 70.87, 47.24, 180],
		[207, "H3_5", 595, 3455, "T", "DIP", "H3_5", "", "C", 70.87, 70.87, 47.24, 180],
		[208, "H3_5", 595, 3455, "B", "DIP", "H3_5", "", "C", 70.87, 70.87, 47.24, 180],
		[209, "H3_6", 495, 3455, "T", "DIP", "GND", "GND", "C", 70.87, 70.87, 47.24, 180],
		[210, "H3_6", 495, 3455, "B", "DIP", "GND", "GND", "C", 70.87, 70.87, 47.24, 180],
		[211, "H4_1", 4225, 905, "T", "DIP", "TOUCH_SENSE", "", "R", 70.87, 66.93, 47.24, 0],
		[212, "H4_1", 4225, 905, "B", "DIP", "TOUCH_SENSE", "", "R", 70.87, 66.93, 47.24, 0],
		[213, "H5_1", 2990, 2105, "T", "DIP", "FLASH1_CS", "", "R", 66.93, 66.93, 43.31, 270],
		[214, "H5_1", 2990, 2105, "B", "DIP", "FLASH1_CS", "", "R", 66.93, 66.93, 43.31, 270],
		[215, "H5_2", 2990, 2005, "T", "DIP", "FLASH2_CS", "", "C", 66.93, 66.93, 43.31, 270],
		[216, "H5_2", 2990, 2005, "B", "DIP", "FLASH2_CS", "", "C", 66.93, 66.93, 43.31, 270],
		[217, "H5_3", 2990, 1905, "T", "DIP", "SPI_D2", "", "C", 66.93, 66.93, 43.31, 270],
		[218, "H5_3", 2990, 1905, "B", "DIP", "SPI_D2", "", "C", 66.93, 66.93, 43.31, 270],
		[219, "H5_4", 2990, 1805, "T", "DIP", "SPI_D3", "", "C", 66.93, 66.93, 43.31, 270],
		[220, "H5_4", 2990, 1805, "B", "DIP", "SPI_D3", "", "C", 66.93, 66.93, 43.31, 270],
		[221, "L1_1", 3152.45, 1417.5, "T", "SMD", "$1N53696", "", "R", 31.5, 34.02, 0, 180],
		[222, "L1_2", 3207.55, 1417.5, "T", "SMD", "SPK+", "", "R", 31.5, 34.02, 0, 180],
		[223, "L2_1", 3298.23, 1332.97, "T", "SMD", "$1N53751", "", "R", 31.5, 34.02, 0, 270],
		[224, "L2_2", 3298.23, 1388.09, "T", "SMD", "SPK-", "", "R", 31.5, 34.02, 0, 270],
		[225, "L3_1", 1784.68, 1080, "T", "SMD", "$2N1149", "", "R", 84.65, 130.71, 0, 180],
		[226, "L3_2", 1555.32, 1080, "T", "SMD", "VBATT", "", "R", 84.65, 130.71, 0, 180],
		[227, "LED1_1", 216.77, 1750, "T", "DIP", "LED2_IN", "", "C", 39.37, 39.37, 27.56, 0],
		[228, "LED1_1", 216.77, 1750, "B", "DIP", "LED2_IN", "", "C", 39.37, 39.37, 27.56, 0],
		[229, "LED1_2", 165.59, 1750, "T", "DIP", "5V", "", "C", 39.37, 39.37, 27.56, 0],
		[230, "LED1_2", 165.59, 1750, "B", "DIP", "5V", "", "C", 39.37, 39.37, 27.56, 0],
		[231, "LED1_3", 114.41, 1750, "T", "DIP", "GND", "GND", "C", 39.37, 39.37, 27.56, 0],
		[232, "LED1_3", 114.41, 1750, "B", "DIP", "GND", "GND", "C", 39.37, 39.37, 27.56, 0],
		[233, "LED1_4", 63.23, 1750, "T", "DIP", "LED1_IN", "", "C", 39.37, 39.37, 27.56, 0],
		[234, "LED1_4", 63.23, 1750, "B", "DIP", "LED1_IN", "", "C", 39.37, 39.37, 27.56, 0],
		[235, "Q1_1", 665.63, 1407.4, "T", "SMD", "3.3V", "", "R", 49.21, 27.56, 0, 180],
		[236, "Q1_2", 665.63, 1332.6, "T", "SMD", "SCL", "", "R", 49.21, 27.56, 0, 180],
		[237, "Q1_3", 744.37, 1370, "T", "SMD", "5306_SCL", "", "R", 49.21, 27.56, 0, 180],
		[238, "Q2_1", 665.63, 1237.4, "T", "SMD", "3.3V", "", "R", 49.21, 27.56, 0, 180],
		[239, "Q2_2", 665.63, 1162.6, "T", "SMD", "SDA", "", "R", 49.21, 27.56, 0, 180],
		[240, "Q2_3", 744.37, 1200, "T", "SMD", "5306_SDA", "", "R", 49.21, 27.56, 0, 180],
		[241, "Q3_1", 1655.79, 1512.4, "T", "SMD", "$2N12774", "", "R", 31.5, 31.5, 0, 270],
		[242, "Q3_2", 1655.79, 1437.6, "T", "SMD", "VBOOST", "", "R", 31.5, 31.5, 0, 270],
		[243, "Q3_3", 1754.21, 1475, "T", "SMD", "5V", "", "R", 31.5, 31.5, 0, 270],
		[244, "Q4_1", 1275.63, 1657.4, "T", "SMD", "POWER_SWITCH", "", "R", 49.21, 27.56, 0, 180],
		[245, "Q4_2", 1275.63, 1582.6, "T", "SMD", "GND", "GND", "R", 49.21, 27.56, 0, 180],
		[246, "Q4_3", 1354.37, 1620, "T", "SMD", "$2N12774", "", "R", 49.21, 27.56, 0, 180],
		[247, "Q5_1", 1065.63, 1182.4, "T", "SMD", "$2N13120", "", "R", 49.21, 27.56, 0, 180],
		[248, "Q5_2", 1065.63, 1107.6, "T", "SMD", "GND", "GND", "R", 49.21, 27.56, 0, 180],
		[249, "Q5_3", 1144.37, 1145, "T", "SMD", "$2N13040", "", "R", 49.21, 27.56, 0, 180],
		[250, "R1_1", 632.16, 902.5, "T", "SMD", "3.3V", "", "R", 31.75, 34.02, 0, 180],
		[251, "R1_2", 572.84, 902.5, "T", "SMD", "HP_SENSE", "", "R", 31.75, 34.02, 0, 180],
		[252, "R2_1", 2077.84, 3572.5, "T", "SMD", "$1N1604", "", "R", 31.75, 34.02, 0, 0],
		[253, "R2_2", 2137.16, 3572.5, "T", "SMD", "3.3V", "", "R", 31.75, 34.02, 0, 0],
		[254, "R4_1", 340, 1297.16, "T", "SMD", "GND", "GND", "R", 31.75, 34.02, 0, 270],
		[255, "R4_2", 340, 1237.84, "T", "SMD", "$5N17915", "", "R", 31.75, 34.02, 0, 270],
		[256, "R5_1", 340, 1499.66, "T", "SMD", "GND", "GND", "R", 31.75, 34.02, 0, 270],
		[257, "R5_2", 340, 1440.34, "T", "SMD", "$5N17908", "", "R", 31.75, 34.02, 0, 270],
		[258, "R6_1", 277.16, 1572.5, "T", "SMD", "GND", "GND", "R", 31.75, 34.02, 0, 180],
		[259, "R6_2", 217.84, 1572.5, "T", "SMD", "$5N17909", "", "R", 31.75, 34.02, 0, 180],
		[260, "R7_1", 810, 1369.66, "T", "SMD", "5306_SCL", "", "R", 31.75, 34.02, 0, 270],
		[261, "R7_2", 810, 1310.34, "T", "SMD", "VBATT", "", "R", 31.75, 34.02, 0, 270],
		[262, "R8_1", 1120, 3344.66, "T", "SMD", "SDA", "", "R", 31.75, 34.02, 0, 270],
		[263, "R8_2", 1120, 3285.34, "T", "SMD", "3.3V", "", "R", 31.75, 34.02, 0, 270],
		[264, "R9_1", 1210, 3309.66, "T", "SMD", "SCL", "", "R", 31.75, 34.02, 0, 270],
		[265, "R9_2", 1210, 3250.34, "T", "SMD", "3.3V", "", "R", 31.75, 34.02, 0, 270],
		[266, "R10_1", 890, 1319.66, "T", "SMD", "5306_SDA", "", "R", 31.75, 34.02, 0, 270],
		[267, "R10_2", 890, 1260.34, "T", "SMD", "VBATT", "", "R", 31.75, 34.02, 0, 270],
		[268, "R11_1", 827.02, 1497.03, "T", "SMD", "$2N1159", "", "R", 31.75, 34.02, 0, 270],
		[269, "R11_2", 827.02, 1437.71, "T", "SMD", "VUSB", "", "R", 31.75, 34.02, 0, 270],
		[270, "R12_1", 1385, 1332.16, "T", "SMD", "$2N1157", "", "R", 31.75, 34.02, 0, 270],
		[271, "R12_2", 1385, 1272.84, "T", "SMD", "VBATT", "", "R", 31.75, 34.02, 0, 270],
		[272, "R13_1", 830.34, 1120, "T", "SMD", "VBATT_SENSE", "", "R", 31.75, 34.02, 0, 0],
		[273, "R13_2", 889.66, 1120, "T", "SMD", "VBATT", "", "R", 31.75, 34.02, 0, 0],
		[274, "R15_1", 889.66, 1057.5, "T", "SMD", "$4N14215", "", "R", 31.75, 34.02, 0, 180],
		[275, "R15_2", 830.34, 1057.5, "T", "SMD", "VBATT_SENSE", "", "R", 31.75, 34.02, 0, 180],
		[276, "R16_1", 830.34, 995, "T", "SMD", "GND", "GND", "R", 31.75, 34.02, 0, 0],
		[277, "R16_2", 889.66, 995, "T", "SMD", "$4N14215", "", "R", 31.75, 34.02, 0, 0],
		[278, "R19_1", 3640.34, 3800, "T", "SMD", "3.3V", "", "R", 31.75, 34.02, 0, 0],
		[279, "R19_2", 3699.66, 3800, "T", "SMD", "LIGHT_SENSE", "", "R", 31.75, 34.02, 0, 0],
		[280, "R20_1", 3877.95, 3799.21, "T", "DIP", "GND", "GND", "C", 60, 60, 30, 180],
		[281, "R20_1", 3877.95, 3799.21, "B", "DIP", "GND", "GND", "C", 60, 60, 30, 180],
		[282, "R20_2", 3799.21, 3799.21, "T", "DIP", "LIGHT_SENSE", "", "C", 60, 60, 30, 180],
		[283, "R20_2", 3799.21, 3799.21, "B", "DIP", "LIGHT_SENSE", "", "C", 60, 60, 30, 180],
		[284, "R21_1", 609.66, 3330, "T", "SMD", "3.3V", "", "R", 31.75, 34.02, 0, 180],
		[285, "R21_2", 550.34, 3330, "T", "SMD", "EN", "", "R", 31.75, 34.02, 0, 180],
		[286, "R29_1", 1590, 1499.66, "T", "SMD", "$2N12774", "", "R", 31.75, 34.02, 0, 270],
		[287, "R29_2", 1590, 1440.34, "T", "SMD", "VBOOST", "", "R", 31.75, 34.02, 0, 270],
		[288, "R31_1", 1225, 1174.66, "T", "SMD", "5306_KEY", "", "R", 31.75, 34.02, 0, 270],
		[289, "R31_2", 1225, 1115.34, "T", "SMD", "$2N13040", "", "R", 31.75, 34.02, 0, 270],
		[290, "R32_1", 1065, 1590.34, "T", "SMD", "$2N13120", "", "R", 31.75, 34.02, 0, 90],
		[291, "R32_2", 1065, 1649.66, "T", "SMD", "GND", "GND", "R", 31.75, 34.02, 0, 90],
		[292, "R33_1", 1200, 1590.34, "T", "SMD", "GND", "GND", "R", 31.75, 34.02, 0, 90],
		[293, "R33_2", 1200, 1649.66, "T", "SMD", "POWER_SWITCH", "", "R", 31.75, 34.02, 0, 90],
		[294, "R35_1", 3085, 1785.34, "T", "SMD", "3.3V", "", "R", 31.75, 34.02, 0, 90],
		[295, "R35_2", 3085, 1844.66, "T", "SMD", "FLASH2_CS", "", "R", 31.75, 34.02, 0, 90],
		[296, "R36_1", 3085, 2075.34, "T", "SMD", "3.3V", "", "R", 31.75, 34.02, 0, 90],
		[297, "R36_2", 3085, 2134.66, "T", "SMD", "FLASH1_CS", "", "R", 31.75, 34.02, 0, 90],
		[298, "R37_1", 779.66, 2365, "T", "SMD", "VOL_RAW", "", "R", 31.75, 34.02, 0, 180],
		[299, "R37_2", 720.34, 2365, "T", "SMD", "VOL_SENSE", "", "R", 31.75, 34.02, 0, 180],
		[300, "R38_1", 749.66, 2425, "T", "SMD", "GND", "GND", "R", 31.75, 34.02, 0, 180],
		[301, "R38_2", 690.34, 2425, "T", "SMD", "VOL_SENSE", "", "R", 31.75, 34.02, 0, 180],
		[302, "R39_1", 989.66, 2425, "T", "SMD", "GND", "GND", "R", 31.75, 34.02, 0, 180],
		[303, "R39_2", 930.34, 2425, "T", "SMD", "FREQ_SENSE", "", "R", 31.75, 34.02, 0, 180],
		[304, "R40_1", 810.34, 2425, "T", "SMD", "FREQ_RAW", "", "R", 31.75, 34.02, 0, 0],
		[305, "R40_2", 869.66, 2425, "T", "SMD", "FREQ_SENSE", "", "R", 31.75, 34.02, 0, 0],
		[306, "SW1_1", 2453.58, 3457.67, "T", "SMD", "PROGRAM", "", "R", 27.56, 51.18, 0, 270],
		[307, "SW1_2", 2276.42, 3457.67, "T", "SMD", "PROGRAM", "", "R", 27.56, 51.18, 0, 270],
		[308, "SW1_3", 2453.58, 3542.33, "T", "SMD", "GND", "GND", "R", 27.56, 51.18, 0, 270],
		[309, "SW1_4", 2276.42, 3542.32, "T", "SMD", "GND", "GND", "R", 27.56, 51.18, 0, 270],
		[310, "SW2_1", 2453.58, 3702.67, "T", "SMD", "EN", "", "R", 27.56, 51.18, 0, 270],
		[311, "SW2_2", 2276.42, 3702.67, "T", "SMD", "EN", "", "R", 27.56, 51.18, 0, 270],
		[312, "SW2_3", 2453.58, 3787.33, "T", "SMD", "GND", "GND", "R", 27.56, 51.18, 0, 270],
		[313, "SW2_4", 2276.42, 3787.33, "T", "SMD", "GND", "GND", "R", 27.56, 51.18, 0, 270],
		[314, "U1_1", 465.75, 2667.89, "T", "SMD", "GND", "GND", "R", 15.75, 31.5, 0, 180],
		[315, "U1_2", 499.21, 2667.89, "T", "SMD", "GND", "GND", "R", 15.75, 31.5, 0, 180],
		[316, "U1_3", 532.67, 2667.89, "T", "SMD", "3.3V", "", "R", 15.75, 31.5, 0, 180],
		[317, "U1_4", 566.13, 2667.89, "T", "SMD", "PROGRAM", "", "R", 15.75, 31.5, 0, 180],
		[318, "U1_5", 599.61, 2667.89, "T", "SMD", "VOL_SENSE", "", "R", 15.75, 31.5, 0, 180],
		[319, "U1_6", 633.07, 2667.89, "T", "SMD", "FREQ_SENSE", "", "R", 15.75, 31.5, 0, 180],
		[320, "U1_7", 666.53, 2667.89, "T", "SMD", "FEATHER_A2", "", "R", 15.75, 31.5, 0, 180],
		[321, "U1_8", 700, 2667.89, "T", "SMD", "BUTTON1", "", "R", 15.75, 31.5, 0, 180],
		[322, "U1_9", 733.46, 2667.89, "T", "SMD", "LIGHT_SENSE", "", "R", 15.75, 31.5, 0, 180],
		[323, "U1_10", 766.92, 2667.89, "T", "SMD", "TOUCH_SENSE", "", "R", 15.75, 31.5, 0, 180],
		[324, "U1_11", 800.38, 2667.89, "T", "SMD", "FEATHER_A0", "", "R", 15.75, 31.5, 0, 180],
		[325, "U1_12", 833.85, 2667.89, "T", "SMD", "FEATHER_A1", "", "R", 15.75, 31.5, 0, 180],
		[326, "U1_13", 867.31, 2667.89, "T", "SMD", "VBATT_SENSE", "", "R", 15.75, 31.5, 0, 180],
		[327, "U1_14", 900.78, 2667.89, "T", "SMD", "SPI_D3", "", "R", 15.75, 31.5, 0, 180],
		[328, "U1_15", 934.24, 2667.89, "T", "SMD", "SPI_MOSI", "", "R", 15.75, 31.5, 0, 180],
		[329, "U1_16", 976.58, 2708.25, "T", "SMD", "SPI_CLK", "", "R", 15.75, 31.5, 0, 270],
		[330, "U1_17", 976.58, 2741.71, "T", "SMD", "SPI_MISO", "", "R", 15.75, 31.5, 0, 270],
		[331, "U1_18", 976.58, 2775.18, "T", "SMD", "SPI_D2", "", "R", 15.75, 31.5, 0, 270],
		[332, "U1_19", 976.58, 2808.64, "T", "SMD", "2505_RST", "", "R", 15.75, 31.5, 0, 270],
		[333, "U1_20", 976.58, 2842.11, "T", "SMD", "I2S_BCLK", "", "R", 15.75, 31.5, 0, 270],
		[334, "U1_21", 976.58, 2875.57, "T", "SMD", "I2S_WCLK", "", "R", 15.75, 31.5, 0, 270],
		[335, "U1_22", 976.58, 2909.04, "T", "SMD", "I2S_DIN", "", "R", 15.75, 31.5, 0, 270],
		[336, "U1_23", 976.58, 2942.5, "T", "SMD", "USB_D-", "", "R", 15.75, 31.5, 0, 270],
		[337, "U1_24", 976.58, 2975.96, "T", "SMD", "USB_D+", "", "R", 15.75, 31.5, 0, 270],
		[338, "U1_25", 976.58, 3009.43, "T", "SMD", "FLASH1_CS", "", "R", 15.75, 31.5, 0, 270],
		[339, "U1_26", 976.58, 3042.89, "T", "SMD", "U1_26", "", "R", 15.75, 31.5, 0, 270],
		[340, "U1_27", 976.58, 3076.36, "T", "SMD", "FLASH2_CS", "", "R", 15.75, 31.5, 0, 270],
		[341, "U1_28", 976.58, 3109.82, "T", "SMD", "BUTTON2", "", "R", 15.75, 31.5, 0, 270],
		[342, "U1_29", 976.58, 3143.29, "T", "SMD", "TOGGLE1", "", "R", 15.75, 31.5, 0, 270],
		[343, "U1_30", 976.58, 3176.75, "T", "SMD", "LED1_IN", "", "R", 15.75, 31.5, 0, 270],
		[344, "U1_31", 934.24, 3217.11, "T", "SMD", "ACCEL_INT1", "", "R", 15.75, 31.5, 0, 0],
		[345, "U1_32", 900.78, 3217.11, "T", "SMD", "FEATHER_D10", "", "R", 15.75, 31.5, 0, 0],
		[346, "U1_33", 867.31, 3217.11, "T", "SMD", "FEATHER_D9", "", "R", 15.75, 31.5, 0, 0],
		[347, "U1_34", 833.86, 3217.11, "T", "SMD", "FEATHER_D6", "", "R", 15.75, 31.5, 0, 0],
		[348, "U1_35", 800.38, 3217.11, "T", "SMD", "FEATHER_D5", "", "R", 15.75, 31.5, 0, 0],
		[349, "U1_36", 766.92, 3217.11, "T", "SMD", "SCL", "", "R", 15.75, 31.5, 0, 0],
		[350, "U1_37", 733.46, 3217.11, "T", "SMD", "SDA", "", "R", 15.75, 31.5, 0, 0],
		[351, "U1_38", 700, 3217.11, "T", "SMD", "FM_RST", "", "R", 15.75, 31.5, 0, 0],
		[352, "U1_39", 666.54, 3217.11, "T", "SMD", "U0TX", "", "R", 15.75, 31.5, 0, 0],
		[353, "U1_40", 633.06, 3217.11, "T", "SMD", "U0RX", "", "R", 15.75, 31.5, 0, 0],
		[354, "U1_41", 599.61, 3217.11, "T", "SMD", "U1_41", "", "R", 15.75, 31.5, 0, 0],
		[355, "U1_42", 566.13, 3217.11, "T", "SMD", "GND", "GND", "R", 15.75, 31.5, 0, 0],
		[356, "U1_43", 532.67, 3217.11, "T", "SMD", "GND", "GND", "R", 15.75, 31.5, 0, 0],
		[357, "U1_44", 499.2, 3217.11, "T", "SMD", "U1_44", "", "R", 15.75, 31.5, 0, 0],
		[358, "U1_45", 465.74, 3217.11, "T", "SMD", "EN", "", "R", 15.75, 31.5, 0, 0],
		[359, "U1_46", 423.42, 3176.75, "T", "SMD", "GND", "GND", "R", 15.75, 31.5, 0, 90],
		[360, "U1_47", 423.42, 3143.29, "T", "SMD", "GND", "GND", "R", 15.75, 31.5, 0, 90],
		[361, "U1_48", 423.42, 3109.82, "T", "SMD", "GND", "GND", "R", 15.75, 31.5, 0, 90],
		[362, "U1_49", 423.42, 3076.36, "T", "SMD", "GND", "GND", "R", 15.75, 31.5, 0, 90],
		[363, "U1_50", 423.42, 3042.89, "T", "SMD", "GND", "GND", "R", 15.75, 31.5, 0, 90],
		[364, "U1_51", 423.42, 3009.43, "T", "SMD", "GND", "GND", "R", 15.75, 31.5, 0, 90],
		[365, "U1_52", 423.42, 2975.96, "T", "SMD", "GND", "GND", "R", 15.75, 31.5, 0, 90],
		[366, "U1_53", 423.42, 2942.5, "T", "SMD", "GND", "GND", "R", 15.75, 31.5, 0, 90],
		[367, "U1_54", 423.42, 2909.04, "T", "SMD", "GND", "GND", "R", 15.75, 31.5, 0, 90],
		[368, "U1_55", 423.43, 2875.57, "T", "SMD", "GND", "GND", "R", 15.75, 31.5, 0, 90],
		[369, "U1_56", 423.43, 2842.11, "T", "SMD", "GND", "GND", "R", 15.75, 31.5, 0, 90],
		[370, "U1_57", 423.43, 2808.64, "T", "SMD", "GND", "GND", "R", 15.75, 31.5, 0, 90],
		[371, "U1_58", 423.43, 2775.18, "T", "SMD", "GND", "GND", "R", 15.75, 31.5, 0, 90],
		[372, "U1_59", 423.43, 2741.71, "T", "SMD", "GND", "GND", "R", 15.75, 31.5, 0, 90],
		[373, "U1_60", 423.43, 2708.25, "T", "SMD", "GND", "GND", "R", 15.75, 31.5, 0, 90],
		[374, "U1_GND", 424.4, 2666.91, "T", "SMD", "GND", "GND", "R", 31.5, 31.5, 0, 180],
		[375, "U1_GND", 424.4, 3218.09, "T", "SMD", "GND", "GND", "R", 31.5, 31.5, 0, 180],
		[376, "U1_GND", 975.58, 2666.91, "T", "SMD", "GND", "GND", "R", 31.5, 31.5, 0, 180],
		[377, "U1_GND", 975.58, 3218.09, "T", "SMD", "GND", "GND", "R", 31.5, 31.5, 0, 180],
		[378, "U1_GND", 635.04, 2877.54, "T", "SMD", "GND", "GND", "R", 47.24, 47.24, 0, 180],
		[379, "U1_GND", 635.03, 2942.5, "T", "SMD", "GND", "GND", "R", 47.24, 47.24, 0, 180],
		[380, "U1_GND", 635.03, 3007.46, "T", "SMD", "GND", "GND", "R", 47.24, 47.24, 0, 180],
		[381, "U1_GND", 700, 2877.54, "T", "SMD", "GND", "GND", "R", 47.24, 47.24, 0, 180],
		[382, "U1_GND", 700, 2942.5, "T", "SMD", "GND", "GND", "R", 47.24, 47.24, 0, 180],
		[383, "U1_GND", 700, 3007.46, "T", "SMD", "GND", "GND", "R", 47.24, 47.24, 0, 180],
		[384, "U1_GND", 764.95, 2877.54, "T", "SMD", "GND", "GND", "R", 47.24, 47.24, 0, 180],
		[385, "U1_GND", 764.95, 2942.5, "T", "SMD", "GND", "GND", "R", 47.24, 47.24, 0, 180],
		[386, "U1_GND", 764.95, 3007.46, "T", "SMD", "GND", "GND", "R", 47.24, 47.24, 0, 180],
		[387, "U2_1", 2953.29, 1265.73, "T", "SMD", "GND", "GND", "R", 11.81, 27.56, 0, 180],
		[388, "U2_2", 2972.96, 1265.73, "T", "SMD", "2505_RST", "", "R", 11.81, 27.56, 0, 180],
		[389, "U2_3", 2992.65, 1265.73, "T", "SMD", "AINL", "", "R", 11.81, 27.56, 0, 180],
		[390, "U2_4", 3012.34, 1265.73, "T", "SMD", "AINR", "", "R", 11.81, 27.56, 0, 180],
		[391, "U2_5", 3032.02, 1265.73, "T", "SMD", "HPOUT", "", "R", 11.81, 27.56, 0, 180],
		[392, "U2_6", 3051.7, 1265.73, "T", "SMD", "GND", "GND", "R", 11.81, 27.56, 0, 180],
		[393, "U2_7", 3079.28, 1293.28, "T", "SMD", "1.8V", "", "R", 11.81, 27.56, 0, 270],
		[394, "U2_8", 3079.28, 1312.98, "T", "SMD", "GND", "GND", "R", 11.81, 27.56, 0, 270],
		[395, "U2_9", 3079.28, 1332.65, "T", "SMD", "$1N53751", "", "R", 11.81, 27.56, 0, 270],
		[396, "U2_10", 3079.28, 1352.34, "T", "SMD", "5V", "", "R", 11.81, 27.56, 0, 270],
		[397, "U2_11", 3079.28, 1372.02, "T", "SMD", "GND", "GND", "R", 11.81, 27.56, 0, 270],
		[398, "U2_12", 3079.28, 1391.7, "T", "SMD", "$1N53696", "", "R", 11.81, 27.56, 0, 270],
		[399, "U2_13", 3051.7, 1419.28, "T", "SMD", "I2S_DIN", "", "R", 11.81, 27.56, 0, 0],
		[400, "U2_14", 3032.02, 1419.28, "T", "SMD", "I2S_WCLK", "", "R", 11.81, 27.56, 0, 0],
		[401, "U2_15", 3012.34, 1419.28, "T", "SMD", "I2S_BCLK", "", "R", 11.81, 27.56, 0, 0],
		[402, "U2_16", 2992.65, 1419.28, "T", "SMD", "U2_16", "", "R", 11.81, 27.56, 0, 0],
		[403, "U2_17", 2972.96, 1419.28, "T", "SMD", "U2_17", "", "R", 11.81, 27.56, 0, 0],
		[404, "U2_18", 2953.29, 1419.28, "T", "SMD", "HP_SENSE", "", "R", 11.81, 27.56, 0, 0],
		[405, "U2_19", 2925.72, 1391.7, "T", "SMD", "SCL", "", "R", 11.81, 27.56, 0, 90],
		[406, "U2_20", 2925.72, 1372.02, "T", "SMD", "SDA", "", "R", 11.81, 27.56, 0, 90],
		[407, "U2_21", 2925.72, 1352.34, "T", "SMD", "GND", "GND", "R", 11.81, 27.56, 0, 90],
		[408, "U2_22", 2925.72, 1332.65, "T", "SMD", "3.3V", "", "R", 11.81, 27.56, 0, 90],
		[409, "U2_23", 2925.72, 1312.98, "T", "SMD", "1.8V", "", "R", 11.81, 27.56, 0, 90],
		[410, "U2_24", 2925.72, 1293.28, "T", "SMD", "GND", "GND", "R", 11.81, 27.56, 0, 90],
		[411, "U2_25", 3002.49, 1342.5, "T", "SMD", "GND", "GND", "R", 110.24, 110.24, 0, 0],
		[412, "U3_1", 2001.96, 3605.78, "T", "SMD", "U3_1", "", "R", 12.6, 15.75, 0, 180],
		[413, "U3_2", 1981.68, 3610.7, "T", "SMD", "$1N1602", "", "R", 9.84, 23.62, 0, 180],
		[414, "U3_3", 1961.99, 3610.7, "T", "SMD", "GND", "GND", "R", 9.84, 23.62, 0, 180],
		[415, "U3_4", 1942.31, 3610.7, "T", "SMD", "GND", "GND", "R", 9.84, 23.62, 0, 180],
		[416, "U3_5", 1922.63, 3610.7, "T", "SMD", "FM_RST", "", "R", 9.84, 23.62, 0, 180],
		[417, "U3_6", 1902.35, 3605.78, "T", "SMD", "U3_6", "", "R", 12.6, 15.75, 0, 0],
		[418, "U3_7", 1897.03, 3585.11, "T", "SMD", "SCL", "", "R", 9.84, 23.62, 0, 270],
		[419, "U3_8", 1897.03, 3565.42, "T", "SMD", "SDA", "", "R", 9.84, 23.62, 0, 270],
		[420, "U3_9", 1897.03, 3545.74, "T", "SMD", "RCLK", "", "R", 9.84, 23.62, 0, 270],
		[421, "U3_10", 1897.03, 3526.05, "T", "SMD", "3.3V", "", "R", 9.84, 23.62, 0, 270],
		[422, "U3_11", 1902.35, 3505.38, "T", "SMD", "3.3V", "", "R", 12.6, 15.75, 0, 0],
		[423, "U3_12", 1922.63, 3500.46, "T", "SMD", "GND", "GND", "R", 9.84, 23.62, 0, 0],
		[424, "U3_13", 1942.31, 3500.46, "T", "SMD", "FM_ROUT", "", "R", 9.84, 23.62, 0, 0],
		[425, "U3_14", 1961.99, 3500.46, "T", "SMD", "FM_LOUT", "", "R", 9.84, 23.62, 0, 0],
		[426, "U3_15", 1981.67, 3500.46, "T", "SMD", "GND", "GND", "R", 9.84, 23.62, 0, 0],
		[427, "U3_16", 2001.96, 3505.38, "T", "SMD", "3.3V", "", "R", 12.6, 15.75, 0, 180],
		[428, "U3_17", 2007.27, 3526.05, "T", "SMD", "$1N1604", "", "R", 9.84, 23.62, 0, 90],
		[429, "U3_18", 2007.27, 3545.74, "T", "SMD", "U3_18", "", "R", 9.84, 23.62, 0, 90],
		[430, "U3_19", 2007.27, 3565.42, "T", "SMD", "$1N1604", "", "R", 9.84, 23.62, 0, 90],
		[431, "U3_20", 2007.27, 3585.11, "T", "SMD", "U3_20", "", "R", 9.84, 23.62, 0, 90],
		[432, "U3_21", 1952.15, 3555.58, "T", "SMD", "GND", "GND", "R", 66.93, 66.93, 0, 90],
		[433, "U4_1", 3201.02, 2132.5, "T", "SMD", "FLASH1_CS", "", "O", 24.8, 88.58, 0, 270],
		[434, "U4_2", 3201.02, 2082.5, "T", "SMD", "SPI_MISO", "", "O", 24.8, 88.58, 0, 270],
		[435, "U4_3", 3201.02, 2032.5, "T", "SMD", "SPI_D2", "", "O", 24.8, 88.58, 0, 270],
		[436, "U4_4", 3201.02, 1982.5, "T", "SMD", "GND", "GND", "O", 24.8, 88.58, 0, 270],
		[437, "U4_5", 3478.98, 1982.5, "T", "SMD", "SPI_MOSI", "", "O", 24.8, 88.58, 0, 270],
		[438, "U4_6", 3478.98, 2032.5, "T", "SMD", "SPI_CLK", "", "O", 24.8, 88.58, 0, 270],
		[439, "U4_7", 3478.98, 2082.5, "T", "SMD", "SPI_D3", "", "O", 24.8, 88.58, 0, 270],
		[440, "U4_8", 3478.98, 2132.5, "T", "SMD", "3.3V", "", "O", 24.8, 88.58, 0, 270],
		[441, "U5_1", 3201.02, 1845, "T", "SMD", "FLASH2_CS", "", "O", 24.8, 88.58, 0, 270],
		[442, "U5_2", 3201.02, 1795, "T", "SMD", "SPI_MISO", "", "O", 24.8, 88.58, 0, 270],
		[443, "U5_3", 3201.02, 1745, "T", "SMD", "SPI_D2", "", "O", 24.8, 88.58, 0, 270],
		[444, "U5_4", 3201.02, 1695, "T", "SMD", "GND", "GND", "O", 24.8, 88.58, 0, 270],
		[445, "U5_5", 3478.98, 1695, "T", "SMD", "SPI_MOSI", "", "O", 24.8, 88.58, 0, 270],
		[446, "U5_6", 3478.98, 1745, "T", "SMD", "SPI_CLK", "", "O", 24.8, 88.58, 0, 270],
		[447, "U5_7", 3478.98, 1795, "T", "SMD", "SPI_D3", "", "O", 24.8, 88.58, 0, 270],
		[448, "U5_8", 3478.98, 1845, "T", "SMD", "3.3V", "", "O", 24.8, 88.58, 0, 270],
		[449, "U6_12", 216.06, 1500.08, "T", "DIP", "$5N17909", "", "O", 39.37, 82.68, 66.93, 270],
		[450, "U6_12", 216.06, 1500.08, "B", "DIP", "$5N17909", "", "O", 39.37, 82.68, 66.93, 270],
		[451, "U6_13", 216.06, 1159.92, "T", "DIP", "$5N17909", "", "O", 39.37, 82.68, 66.93, 270],
		[452, "U6_13", 216.06, 1159.92, "B", "DIP", "$5N17909", "", "O", 39.37, 82.68, 66.93, 270],
		[453, "U6_14", 51.49, 1500.08, "T", "DIP", "$5N17909", "", "O", 39.37, 70.87, 55.12, 270],
		[454, "U6_14", 51.49, 1500.08, "B", "DIP", "$5N17909", "", "O", 39.37, 70.87, 55.12, 270],
		[455, "U6_15", 51.5, 1159.92, "T", "DIP", "$5N17909", "", "O", 39.37, 70.87, 55.12, 270],
		[456, "U6_15", 51.5, 1159.92, "B", "DIP", "$5N17909", "", "O", 39.37, 70.87, 55.12, 270],
		[457, "U6_A12B1", 238.5, 1204.02, "T", "SMD", "GND", "GND", "R", 23.62, 44.88, 0, 270],
		[458, "U6_A1B12", 238.51, 1455.98, "T", "SMD", "GND", "GND", "R", 23.62, 44.88, 0, 270],
		[459, "U6_A4B9", 238.5, 1424.49, "T", "SMD", "VUSB", "", "R", 23.62, 44.88, 0, 270],
		[460, "U6_A5", 238.5, 1379.2, "T", "SMD", "$5N17908", "", "R", 11.81, 44.88, 0, 270],
		[461, "U6_A6", 238.5, 1339.83, "T", "SMD", "USB_D+", "", "R", 11.81, 44.88, 0, 270],
		[462, "U6_A7", 238.5, 1320.15, "T", "SMD", "USB_D-", "", "R", 11.81, 44.88, 0, 270],
		[463, "U6_A8", 238.5, 1280.78, "T", "SMD", "U6_A8", "", "R", 11.81, 44.88, 0, 270],
		[464, "U6_A9B4", 238.5, 1235.51, "T", "SMD", "VUSB", "", "R", 23.62, 44.88, 0, 270],
		[465, "U6_B5", 238.5, 1261.09, "T", "SMD", "$5N17915", "", "R", 11.81, 44.88, 0, 270],
		[466, "U6_B6", 238.5, 1300.46, "T", "SMD", "USB_D+", "", "R", 11.81, 44.88, 0, 270],
		[467, "U6_B7", 238.5, 1359.52, "T", "SMD", "USB_D-", "", "R", 11.81, 44.88, 0, 270],
		[468, "U6_B8", 238.5, 1398.89, "T", "SMD", "U6_B8", "", "R", 11.81, 44.88, 0, 270],
		[469, "U7_1", 2637.6, 1229.14, "T", "SMD", "GND", "GND", "R", 40.85, 20.95, 0, 270],
		[470, "U7_2", 2712.4, 1229.14, "T", "SMD", "1.8V", "", "R", 40.85, 20.95, 0, 270],
		[471, "U7_3", 2675, 1315.86, "T", "SMD", "3.3V", "", "R", 40.85, 20.95, 0, 270],
		[472, "U8_1", 2104.22, 1338.05, "T", "SMD", "GND", "GND", "R", 98.42, 43.31, 0, 180],
		[473, "U8_2", 2104.22, 1247.5, "T", "SMD", "3.3V", "", "R", 98.42, 43.31, 0, 180],
		[474, "U8_3", 2104.22, 1156.95, "T", "SMD", "5V", "", "R", 98.42, 43.31, 0, 180],
		[475, "U8_4", 2338.07, 1247.5, "T", "SMD", "3.3V", "", "R", 92.13, 141.73, 0, 180],
		[476, "U9_1", 990.5, 1422.5, "T", "SMD", "VUSB", "", "R", 23.62, 47.24, 0, 270],
		[477, "U9_2", 990.5, 1372.5, "T", "SMD", "5306_SCL", "", "R", 23.62, 47.24, 0, 270],
		[478, "U9_3", 990.5, 1322.5, "T", "SMD", "5306_SDA", "", "R", 23.62, 47.24, 0, 270],
		[479, "U9_4", 990.5, 1272.5, "T", "SMD", "U9_4", "", "R", 23.62, 47.24, 0, 270],
		[480, "U9_5", 1219.5, 1272.5, "T", "SMD", "5306_KEY", "", "R", 23.62, 47.24, 0, 270],
		[481, "U9_6", 1219.5, 1322.5, "T", "SMD", "$2N1157", "", "R", 23.62, 47.24, 0, 270],
		[482, "U9_7", 1219.5, 1372.5, "T", "SMD", "$2N1149", "", "R", 23.62, 47.24, 0, 270],
		[483, "U9_8", 1219.5, 1422.5, "T", "SMD", "VBOOST", "", "R", 23.62, 47.24, 0, 270],
		[484, "U9_9", 1105, 1347.5, "T", "SMD", "GND", "GND", "R", 78.74, 78.74, 0, 90],
		[485, "U16_1", 1404.88, 3159.38, "T", "SMD", "3.3V", "", "O", 31.5, 9.84, 0, 0],
		[486, "U16_2", 1404.88, 3139.68, "T", "SMD", "ACCEL_BYP", "", "O", 31.5, 9.84, 0, 0],
		[487, "U16_3", 1404.88, 3120.01, "T", "SMD", "U16_3", "", "O", 31.5, 9.84, 0, 0],
		[488, "U16_4", 1404.88, 3100.32, "T", "SMD", "SCL", "", "O", 31.5, 9.84, 0, 0],
		[489, "U16_5", 1404.88, 3080.63, "T", "SMD", "GND", "GND", "O", 31.5, 9.84, 0, 0],
		[490, "U16_6", 1440.31, 3064.88, "T", "SMD", "SDA", "", "O", 31.5, 9.84, 0, 90],
		[491, "U16_7", 1460, 3064.88, "T", "SMD", "GND", "GND", "O", 31.5, 9.84, 0, 90],
		[492, "U16_8", 1479.68, 3064.88, "T", "SMD", "U16_8", "", "O", 31.5, 9.84, 0, 90],
		[493, "U16_9", 1515.12, 3080.63, "T", "SMD", "U16_9", "", "O", 31.5, 9.84, 0, 180],
		[494, "U16_10", 1515.12, 3100.32, "T", "SMD", "GND", "GND", "O", 31.5, 9.84, 0, 180],
		[495, "U16_11", 1515.12, 3120.01, "T", "SMD", "ACCEL_INT1", "", "O", 31.5, 9.84, 0, 180],
		[496, "U16_12", 1515.12, 3139.68, "T", "SMD", "GND", "GND", "O", 31.5, 9.84, 0, 180],
		[497, "U16_13", 1515.12, 3159.38, "T", "SMD", "U16_13", "", "O", 31.5, 9.84, 0, 180],
		[498, "U16_14", 1479.68, 3175.12, "T", "SMD", "3.3V", "", "O", 31.5, 9.84, 0, 270],
		[499, "U16_15", 1460, 3175.12, "T", "SMD", "U16_15", "", "O", 31.5, 9.84, 0, 270],
		[500, "U16_16", 1440.31, 3175.12, "T", "SMD", "U16_16", "", "O", 31.5, 9.84, 0, 270],
		[501, "X1_1", 1602.6, 3460.47, "T", "SMD", "X1_1", "", "R", 47.24, 43.31, 0, 0],
		[502, "X1_2", 1677.4, 3460.47, "T", "SMD", "GND", "GND", "R", 47.24, 43.31, 0, 0],
		[503, "X1_3", 1677.4, 3519.53, "T", "SMD", "RCLK", "", "R", 47.24, 43.31, 0, 0],
		[504, "X1_4", 1602.6, 3519.53, "T", "SMD", "3.3V", "", "R", 47.24, 43.31, 0, 0]
	]
}
}