{
"lengthUnit": "mil",
"components": {
	"fields": ["COMPONENT_NO", "COMPONENT_NAME", "LAYER", "X_COORDINATE", "Y_COORDINATE", "ANGLE"],
	"rows": [
		[1, "C1", "T", 270, 420, 270],
		[2, "CN2", "T", 295, 130, 0],
		[3, "U1", "T", 410, 440, 90]
	]
},
"pins": {
	"fields": ["PIN_NO", "PIN_NAME", "PIN_X", "PIN_Y", "LAYER", "PIN_TYPE", "NET_NAME", "NET_TYPE", "PAD_SHAPE", "PAD_SIZEX", "PAD_SIZEY", "HOLE_SIZE", "PAD_ANGLE"],
	"rows": [
		[1, "C1_1", 270, 447.56, "T", "SMD", "GND", "GND", "R", 31.5, 35.43, 0, 270],
		[2, "C1_2", 270, 392.44, "T", "SMD", "+3.3V", "", "R", 31.5, 35.43, 0, 270],
		[3, "CN2_1", 235.94, 200.87, "T", "SMD", "GND", "GND", "R", 31.5, 62.99, 0, 0],
		[4, "CN2_2", 275.31, 200.87, "T", "SMD", "+3.3V", "", "R", 31.5, 62.99, 0, 0],
		[5, "CN2_3", 314.68, 200.87, "T", "SMD", "SDA", "", "R", 31.5, 62.99, 0, 0],
		[6, "CN2_4", 354.05, 200.87, "T", "SMD", "SCL", "", "R", 31.5, 62.99, 0, 0],
		[7, "CN2_5", 399.33, 59.14, "T", "SMD", "GND", "GND", "R", 39.37, 90.55, 0, 0],
		[8, "CN2_6", 190.67, 59.14, "T", "SMD", "GND", "GND", "R", 39.37, 90.55, 0, 0],
		[9, "U1_1", 447.4, 493.15, "T", "SMD", "SCL", "", "R", 43.31, 23.62, 0, 90],
		[10, "U1_2", 410, 493.15, "T", "SMD", "GND", "GND", "R", 43.31, 23.62, 0, 90],
		[11, "U1_3", 372.6, 493.15, "T", "SMD", "GND", "GND", "R", 43.31, 23.62, 0, 90],
		[12, "U1_4", 372.6, 386.85, "T", "SMD", "+3.3V", "", "R", 43.31, 23.62, 0, 90],
		[13, "U1_5", 410, 386.85, "T", "SMD", "U1_5", "", "R", 43.31, 23.62, 0, 90],
		[14, "U1_6", 447.4, 386.85, "T", "SMD", "SDA", "", "R", 43.31, 23.62, 0, 90]
	]
}
}