{
"lengthUnit": "mil",
"components": {
	"fields": ["COMPONENT_NO", "COMPONENT_NAME", "LAYER", "X_COORDINATE", "Y_COORDINATE", "ANGLE"],
	"rows": [
		[1, "C3", "T", 1365, 940, 270],
		[2, "C4", "T", 1815, 905, 90],
		[3, "CN1", "T", 1560, 230, 0],
		[4, "FREQ", "T", 492.13, 1181.1, 0],
		[5, "LED2", "T", 2539.37, 196.85, 180],
		[6, "R1", "T", 1630, 1145, 180],
		[7, "R2", "T", 1755, 1145, 180],
		[8, "R3", "T", 1755, 1215, 180],
		[9, "U1", "T", 1585, 910, 90],
		[10, "VOL", "T", 2539.37, 1181.1, 0]
	]
},
"pins": {
	"fields": ["PIN_NO", "PIN_NAME", "PIN_X", "PIN_Y", "LAYER", "PIN_TYPE", "NET_NAME", "NET_TYPE", "PAD_SHAPE", "PAD_SIZEX", "PAD_SIZEY", "HOLE_SIZE", "PAD_ANGLE"],
	"rows": [
		[1, "C3_1", 1365, 967.56, "T", "SMD", "GND", "GND", "R", 31.5, 35.43, 0, 270],
		[2, "C3_2", 1365, 912.44, "T", "SMD", "+5V", "", "R", 31.5, 35.43, 0, 270],
		[3, "C4_1", 1815, 838.61, "T", "SMD", "+3.1V", "", "R", 69.19, 51.02, 0, 270],
		[4, "C4_2", 1815, 971.39, "T", "SMD", "GND", "GND", "R", 69.19, 51.02, 0, 270],
		[5, "CN1_1", 1265.12, 367.79, "T", "SMD", "GND", "GND", "R", 47.24, 157.48, 0, 0],
		[6, "CN1_2", 1363.54, 367.79, "T", "SMD", "POWER_SWITCH", "", "R", 47.24, 157.48, 0, 0],
		[7, "CN1_3", 1461.97, 367.79, "T", "SMD", "LED2_IN", "", "R", 47.24, 157.48, 0, 0],
		[8, "CN1_4", 1560.39, 367.79, "T", "SMD", "FREQ_RAW", "", "R", 47.24, 157.48, 0, 0],
		[9, "CN1_5", 1658.42, 367.79, "T", "SMD", "VOL_RAW", "", "R", 47.24, 157.48, 0, 0],
		[10, "CN1_6", 1756.85, 367.79, "T", "SMD", "VBATT", "", "R", 47.24, 157.48, 0, 0],
		[11, "CN1_7", 1855.27, 367.79, "T", "SMD", "+5V", "", "R", 47.24, 157.48, 0, 0],
		[12, "CN1_8", 1976.14, 92.21, "T", "SMD", "GND", "GND", "R", 78.74, 157.48, 0, 0],
		[13, "CN1_9", 1143.86, 92.21, "T", "SMD", "GND", "GND", "R", 78.74, 157.48, 0, 0],
		[14, "FREQ_1", 748.31, 1477.76, "T", "DIP", "FREQ_1", "", "R", 216.54, 78.74, 169.29, 350],
		[15, "FREQ_1", 748.31, 1477.76, "B", "DIP", "FREQ_1", "", "R", 216.54, 78.74, 169.29, 350],
		[16, "FREQ_2", 456.57, 979.49, "T", "DIP", "FREQ_2", "", "R", 216.54, 78.74, 169.29, 350],
		[17, "FREQ_2", 456.57, 979.49, "B", "DIP", "FREQ_2", "", "R", 216.54, 78.74, 169.29, 350],
		[18, "FREQ_3", 192.64, 538.82, "T", "DIP", "GND", "GND", "C", 125.98, 125.98, 86.61, 0],
		[19, "FREQ_3", 192.64, 538.82, "B", "DIP", "GND", "GND", "C", 125.98, 125.98, 86.61, 0],
		[20, "FREQ_4", 492.13, 472.44, "T", "DIP", "FREQ_RAW", "", "C", 125.98, 125.98, 86.61, 0],
		[21, "FREQ_4", 492.13, 472.44, "B", "DIP", "FREQ_RAW", "", "C", 125.98, 125.98, 86.61, 0],
		[22, "FREQ_5", 791.61, 538.82, "T", "DIP", "+3.1V", "", "C", 125.98, 125.98, 86.61, 0],
		[23, "FREQ_5", 791.61, 538.82, "B", "DIP", "+3.1V", "", "C", 125.98, 125.98, 86.61, 0],
		[24, "LED2_1", 2462.6, 196.85, "T", "DIP", "LED2_1", "", "C", 39.37, 39.37, 27.56, 180],
		[25, "LED2_1", 2462.6, 196.85, "B", "DIP", "LED2_1", "", "C", 39.37, 39.37, 27.56, 180],
		[26, "LED2_2", 2513.78, 196.85, "T", "DIP", "+5V", "", "C", 39.37, 39.37, 27.56, 180],
		[27, "LED2_2", 2513.78, 196.85, "B", "DIP", "+5V", "", "C", 39.37, 39.37, 27.56, 180],
		[28, "LED2_3", 2564.96, 196.85, "T", "DIP", "GND", "GND", "C", 39.37, 39.37, 27.56, 180],
		[29, "LED2_3", 2564.96, 196.85, "B", "DIP", "GND", "GND", "C", 39.37, 39.37, 27.56, 180],
		[30, "LED2_4", 2616.14, 196.85, "T", "DIP", "LED2_IN", "", "C", 39.37, 39.37, 27.56, 180],
		[31, "LED2_4", 2616.14, 196.85, "B", "DIP", "LED2_IN", "", "C", 39.37, 39.37, 27.56, 180],
		[32, "R1_1", 1659.66, 1145, "T", "SMD", "$1N5345", "", "R", 31.75, 34.02, 0, 180],
		[33, "R1_2", 1600.34, 1145, "T", "SMD", "+3.1V", "", "R", 31.75, 34.02, 0, 180],
		[34, "R2_1", 1784.66, 1145, "T", "SMD", "GND", "GND", "R", 31.75, 34.02, 0, 180],
		[35, "R2_2", 1725.34, 1145, "T", "SMD", "$1N5345", "", "R", 31.75, 34.02, 0, 180],
		[36, "R3_1", 1784.66, 1215, "T", "SMD", "GND", "GND", "R", 31.75, 34.02, 0, 180],
		[37, "R3_2", 1725.34, 1215, "T", "SMD", "$1N5345", "", "R", 31.75, 34.02, 0, 180],
		[38, "U1_1", 1675.55, 1032, "T", "SMD", "$1N5345", "", "R", 43.31, 86.61, 0, 180],
		[39, "U1_2", 1585, 1032, "T", "SMD", "+3.1V", "", "R", 43.31, 86.61, 0, 180],
		[40, "U1_3", 1494.45, 1032, "T", "SMD", "+5V", "", "R", 43.31, 86.61, 0, 180],
		[41, "U1_4", 1585, 788, "T", "SMD", "+3.1V", "", "R", 86.61, 137.79, 0, 90],
		[42, "VOL_1", 2795.55, 1477.76, "T", "DIP", "VBATT", "", "R", 216.54, 78.74, 169.29, 350],
		[43, "VOL_1", 2795.55, 1477.76, "B", "DIP", "VBATT", "", "R", 216.54, 78.74, 169.29, 350],
		[44, "VOL_2", 2503.82, 979.49, "T", "DIP", "POWER_SWITCH", "", "R", 216.54, 78.74, 169.29, 350],
		[45, "VOL_2", 2503.82, 979.49, "B", "DIP", "POWER_SWITCH", "", "R", 216.54, 78.74, 169.29, 350],
		[46, "VOL_3", 2239.88, 538.82, "T", "DIP", "GND", "GND", "C", 125.98, 125.98, 86.61, 0],
		[47, "VOL_3", 2239.88, 538.82, "B", "DIP", "GND", "GND", "C", 125.98, 125.98, 86.61, 0],
		[48, "VOL_4", 2539.37, 472.44, "T", "DIP", "VOL_RAW", "", "C", 125.98, 125.98, 86.61, 0],
		[49, "VOL_4", 2539.37, 472.44, "B", "DIP", "VOL_RAW", "", "C", 125.98, 125.98, 86.61, 0],
		[50, "VOL_5", 2838.86, 538.82, "T", "DIP", "+3.1V", "", "C", 125.98, 125.98, 86.61, 0],
		[51, "VOL_5", 2838.86, 538.82, "B", "DIP", "+3.1V", "", "C", 125.98, 125.98, 86.61, 0]
	]
}
}